summoner,rank
//www.op.gg/summoner/userName=dwgshowmaker,6
//www.op.gg/summoner/userName=deadhard,7
//www.op.gg/summoner/userName=%EB%8B%B4%EC%9B%90%EC%87%BC%EB%A9%94%EC%9D%B4%EC%BB%A4,8
//www.op.gg/summoner/userName=sktt1pirean,9
//www.op.gg/summoner/userName=gabrielcro,10
//www.op.gg/summoner/userName=justbepatient,11
//www.op.gg/summoner/userName=nekolowo,12
//www.op.gg/summoner/userName=%EC%95%84%EB%9D%BC%EA%B0%80%ED%82%A4%EC%9C%A0%EC%9D%B4,13
//www.op.gg/summoner/userName=sktt1le0,14
//www.op.gg/summoner/userName=%ED%95%98%EB%82%98%EC%9D%98%EC%9C%A0%EB%A6%AC%EB%8B%A4,15